item_id,query,video_a,video_b,shown_left,annotator_id,choice,confidence,seconds_spent,reason_tags,is_gold,gold_answer
P-01,how to make pour over coffee for beginners,vid_8812 | Pour-over coffee in 3 minutes (beginner guide),vid_2290 | World barista championship final routine,A,ann_201,A,5,21,beginner_level;answers_query,false,
P-01,how to make pour over coffee for beginners,vid_8812 | Pour-over coffee in 3 minutes (beginner guide),vid_2290 | World barista championship final routine,B,ann_202,A,4,34,answers_query,false,
P-01,how to make pour over coffee for beginners,vid_8812 | Pour-over coffee in 3 minutes (beginner guide),vid_2290 | World barista championship final routine,A,ann_203,A,5,18,beginner_level,false,
P-01,how to make pour over coffee for beginners,vid_8812 | Pour-over coffee in 3 minutes (beginner guide),vid_2290 | World barista championship final routine,B,ann_204,B,2,52,production_quality,false,
P-01,how to make pour over coffee for beginners,vid_8812 | Pour-over coffee in 3 minutes (beginner guide),vid_2290 | World barista championship final routine,A,ann_205,A,4,27,answers_query;short,false,
P-02,quick vegan dinner for a weeknight,vid_5103 | 15-minute chickpea curry,vid_7741 | Vegan meal prep for the whole week (2 hours),B,ann_201,A,4,25,matches_time_constraint,false,
P-02,quick vegan dinner for a weeknight,vid_5103 | 15-minute chickpea curry,vid_7741 | Vegan meal prep for the whole week (2 hours),A,ann_203,A,5,19,matches_time_constraint,false,
P-02,quick vegan dinner for a weeknight,vid_5103 | 15-minute chickpea curry,vid_7741 | Vegan meal prep for the whole week (2 hours),A,ann_204,tie,2,61,both_relevant,false,
P-02,quick vegan dinner for a weeknight,vid_5103 | 15-minute chickpea curry,vid_7741 | Vegan meal prep for the whole week (2 hours),B,ann_206,B,3,40,more_recipes,false,
P-02,quick vegan dinner for a weeknight,vid_5103 | 15-minute chickpea curry,vid_7741 | Vegan meal prep for the whole week (2 hours),A,ann_207,A,4,23,answers_query,false,
P-03,fix squeaky door hinge,vid_1187 | Squeaky hinge fixed in 60 seconds,vid_3326 | How to replace an interior door (full guide),A,ann_202,A,5,15,answers_query;short,false,
P-03,fix squeaky door hinge,vid_1187 | Squeaky hinge fixed in 60 seconds,vid_3326 | How to replace an interior door (full guide),B,ann_203,A,5,12,answers_query,false,
P-03,fix squeaky door hinge,vid_1187 | Squeaky hinge fixed in 60 seconds,vid_3326 | How to replace an interior door (full guide),A,ann_205,A,5,14,answers_query,false,
P-03,fix squeaky door hinge,vid_1187 | Squeaky hinge fixed in 60 seconds,vid_3326 | How to replace an interior door (full guide),B,ann_206,A,4,22,answers_query,false,
P-03,fix squeaky door hinge,vid_1187 | Squeaky hinge fixed in 60 seconds,vid_3326 | How to replace an interior door (full guide),A,ann_207,A,5,11,short,false,
P-04,learn guitar chords first lesson,vid_4409 | Your first 4 guitar chords,"vid_6620 | Beginner guitar: holding, tuning and first chords",A,ann_201,A,3,44,short,false,
P-04,learn guitar chords first lesson,vid_4409 | Your first 4 guitar chords,"vid_6620 | Beginner guitar: holding, tuning and first chords",B,ann_202,B,3,58,more_complete,false,
P-04,learn guitar chords first lesson,vid_4409 | Your first 4 guitar chords,"vid_6620 | Beginner guitar: holding, tuning and first chords",A,ann_204,tie,2,70,both_relevant,false,
P-04,learn guitar chords first lesson,vid_4409 | Your first 4 guitar chords,"vid_6620 | Beginner guitar: holding, tuning and first chords",B,ann_205,B,3,49,more_complete,false,
P-04,learn guitar chords first lesson,vid_4409 | Your first 4 guitar chords,"vid_6620 | Beginner guitar: holding, tuning and first chords",A,ann_207,A,3,38,beginner_level,false,
P-05,best budget laptop for students,vid_3310 | Unboxing the most expensive laptop of 2026,vid_8127 | 5 best budget laptops for students,B,ann_201,B,5,16,answers_query;budget,false,
P-05,best budget laptop for students,vid_3310 | Unboxing the most expensive laptop of 2026,vid_8127 | 5 best budget laptops for students,A,ann_203,B,5,14,answers_query,false,
P-05,best budget laptop for students,vid_3310 | Unboxing the most expensive laptop of 2026,vid_8127 | 5 best budget laptops for students,B,ann_204,tie,2,55,both_relevant,false,
P-05,best budget laptop for students,vid_3310 | Unboxing the most expensive laptop of 2026,vid_8127 | 5 best budget laptops for students,A,ann_206,B,4,21,budget,false,
P-05,best budget laptop for students,vid_3310 | Unboxing the most expensive laptop of 2026,vid_8127 | 5 best budget laptops for students,B,ann_207,B,5,13,answers_query,false,
P-06,how to tie a tie quickly,"vid_2044 | The Windsor knot, slowly and in detail",vid_6538 | Tie a tie in 30 seconds (four-in-hand),A,ann_202,B,5,12,matches_time_constraint,false,
P-06,how to tie a tie quickly,"vid_2044 | The Windsor knot, slowly and in detail",vid_6538 | Tie a tie in 30 seconds (four-in-hand),B,ann_203,B,4,15,short,false,
P-06,how to tie a tie quickly,"vid_2044 | The Windsor knot, slowly and in detail",vid_6538 | Tie a tie in 30 seconds (four-in-hand),A,ann_204,B,4,26,matches_time_constraint,false,
P-06,how to tie a tie quickly,"vid_2044 | The Windsor knot, slowly and in detail",vid_6538 | Tie a tie in 30 seconds (four-in-hand),B,ann_205,B,5,11,short,false,
P-06,how to tie a tie quickly,"vid_2044 | The Windsor knot, slowly and in detail",vid_6538 | Tie a tie in 30 seconds (four-in-hand),A,ann_207,B,5,10,answers_query,false,
P-07,beginner yoga at home,vid_7702 | 20-minute beginner yoga at home,vid_4815 | Advanced yoga flow: arm balances,A,ann_201,A,5,14,beginner_level,false,
P-07,beginner yoga at home,vid_7702 | 20-minute beginner yoga at home,vid_4815 | Advanced yoga flow: arm balances,B,ann_202,A,5,12,beginner_level,false,
P-07,beginner yoga at home,vid_7702 | 20-minute beginner yoga at home,vid_4815 | Advanced yoga flow: arm balances,A,ann_205,A,5,15,beginner_level;answers_query,false,
P-07,beginner yoga at home,vid_7702 | 20-minute beginner yoga at home,vid_4815 | Advanced yoga flow: arm balances,B,ann_206,A,4,19,answers_query,false,
P-07,beginner yoga at home,vid_7702 | 20-minute beginner yoga at home,vid_4815 | Advanced yoga flow: arm balances,A,ann_207,A,5,9,beginner_level,false,
P-08,make a sourdough starter,"vid_5527 | Sourdough starter, day by day (7 days)",vid_9264 | Sourdough starter in 5 minutes a day: full guide,B,ann_201,B,3,47,more_complete,false,
P-08,make a sourdough starter,"vid_5527 | Sourdough starter, day by day (7 days)",vid_9264 | Sourdough starter in 5 minutes a day: full guide,A,ann_203,A,3,52,step_by_step,false,
P-08,make a sourdough starter,"vid_5527 | Sourdough starter, day by day (7 days)",vid_9264 | Sourdough starter in 5 minutes a day: full guide,B,ann_204,B,2,66,more_complete,false,
P-08,make a sourdough starter,"vid_5527 | Sourdough starter, day by day (7 days)",vid_9264 | Sourdough starter in 5 minutes a day: full guide,A,ann_206,A,3,41,step_by_step,false,
P-08,make a sourdough starter,"vid_5527 | Sourdough starter, day by day (7 days)",vid_9264 | Sourdough starter in 5 minutes a day: full guide,B,ann_207,B,3,39,matches_time_constraint,false,
G-01,replace bike inner tube,vid_9031 | Top 10 sports cars of 2026,vid_1458 | Replace a bike inner tube step by step,A,ann_202,B,5,9,answers_query,true,B
G-01,replace bike inner tube,vid_9031 | Top 10 sports cars of 2026,vid_1458 | Replace a bike inner tube step by step,B,ann_203,B,5,8,answers_query,true,B
G-01,replace bike inner tube,vid_9031 | Top 10 sports cars of 2026,vid_1458 | Replace a bike inner tube step by step,A,ann_205,B,5,10,answers_query,true,B
G-01,replace bike inner tube,vid_9031 | Top 10 sports cars of 2026,vid_1458 | Replace a bike inner tube step by step,B,ann_206,A,4,6,production_quality,true,B
G-01,replace bike inner tube,vid_9031 | Top 10 sports cars of 2026,vid_1458 | Replace a bike inner tube step by step,A,ann_207,B,5,9,answers_query,true,B
